{
    "transform": [
        [
            0.9996278285980225,
            -0.02714323252439499,
            -0.0027268563862890005,
            0.05152202770113945
        ],
        [
            -0.0027268563862890005,
            -0.1988789141178131,
            0.98002028465271,
            -0.15075549483299255
        ],
        [
            -0.02714323252439499,
            -0.9796481132507324,
            -0.1988789141178131,
            0.034753911197185516
        ]
    ],
    "scale": 0.19161489312693297
}